id,Flag,bat_name_counterpart,bat_category_type,fermi_name_counterpart,fermi_name_counterpart2,fermi_category_type,separation,bat_id,bat_pindex,bat_pindex_errm,bat_pindex_errp,bat_flux,bat_flux_errm,bat_flux_errp,bat_ra,bat_dec,bat_redshift,fermi_id,fermi_pindex_PL,fermi_pindex_PL_err,fermi_flux,fermi_flux_errm,fermi_flux_errp,fermi_var_index,fermi_ra,fermi_dec,match_with_1FLE,match_4FGLand1FLE_IDmatch,LP_alpha,LP_alpha_err,LP_beta,LP_beta_err,LP_K,LP_K_err,LP_redchi2,LP_dof,BPL_index1,BPL_index1_err,BPL_index2,BPL_index2_err,BPL_Eb,BPL_Eb_err,BPL_K,BPL_K_err,BPL_redchi2,BPL_dof,2compModel_Flux1to10MeV,Model
1,M,[HB89] 0537-441,Beamed AGN,PKS 0537-441,,BLL,0.06275102,1281,0.88,0.88,0.69,1.49E-11,2.78E-12,2.58E-12,84.632,-44.116,0.894,1134,2.110651731,0.006876438,1.66E-10,2.12E-12,2.12E-12,9772.992188,84.70890045,-44.08620071,2,1,1.28,0.07,0.133,0.0108,2.18E-06,5.53E-07,3.9,12,0.866,0.445,2.15,0.00557,792000,720000,1.12E-10,1.42E-10,32.6,11,1.21E-09,BPL
2,M,[HB89] 0716+714,Beamed AGN,S5 0716+71,,BLL,0.00954256,1307,1.15,0.43,0.4,1.90E-11,2.48E-12,2.68E-12,110.491,71.331,0.3,1462,2.077000141,0.005449378,2.15E-10,2.26E-12,2.26E-12,2733.374756,110.4881973,71.34049988,2,1,1.27,0.06,0.126,0.00846,2.17E-06,4.45E-07,5.1,12,1.15,0.246,2.11,0.0045,1080000,866000,7.07E-11,5.28E-11,42.2,11,5.37E-10,BPL
3,M,Mrk 421,Beamed AGN,Mkn 421,,BLL,0.014182282,526,2.76,0.04,0.03,1.41E-10,2.01E-12,1.11E-12,166.103,38.214,0.03,2305,1.781852484,0.004994708,4.23E-10,4.55E-12,4.55E-12,1349.180176,166.1186981,38.20700073,2,1,2.13,0,-0.0495,0.000817,2.35E-05,2.72E-07,72.2,12,2.75,0.0214,1.78,0.00515,498000,41000,5.04E-12,4.10E-13,8.4,11,1.67E-11,LP
4,M,Mrk 501,Beamed AGN,Mkn 501,,BLL,0.001472863,842,2.39,0.07,0.08,7.16E-11,2.29E-12,2.23E-12,253.472,39.76,0.0337,3802,1.76423347,0.009125564,1.29E-10,2.43E-12,2.43E-12,543.1755371,253.4738007,39.7594986,0,0,2.17,0,-0.0532,0.00155,8.60E-06,1.95E-07,5.4,11,2.39,0.045,1.77,0.00939,6350000,2590000,8.31E-12,1.37E-12,1.2,10,1.55E-11,LP
5,M,BL Lac,Beamed AGN,BL Lac,,BLL,0.017787071,1135,1.76,0.17,0.18,3.49E-11,3.25E-12,2.07E-12,330.688,42.265,0.0686,5413,2.202461958,0.006698354,2.30E-10,2.69E-12,2.69E-12,3523.439941,330.6946106,42.28210068,2,1,1.75,0.01,0.0746,0.0019,2.35E-05,7.78E-07,3,12,1.83,0.00761,2.29,0.00791,378000000,30800000,2.11E-11,7.69E-13,8.5,11,1.22E-10,LP
6,M,1ES 0033+595,Beamed AGN,1ES 0033+595,,bll,0.008312088,20,2.81,0.19,0.22,2.60E-11,1.57E-12,1.13E-12,8.989,59.841,0.086,134,1.761657834,0.020634521,3.99E-11,1.45E-12,1.45E-12,197.9702911,8.982299805,59.83340073,0,0,2.2,0.01,-0.0563,0.00313,3.25E-06,1.61E-07,5.2,11,2.81,0.121,1.76,0.0186,968000,445000,7.62E-13,3.50E-13,2.2,10,9.16E-13,LP
7,A,2MASX J01155048+2515369,Sy1,RX J0115.7+2519,,bll,0.018325901,1223,1.97,0.52,0.66,1.09E-11,3.09E-12,3.02E-12,18.974,25.33,0,283,1.917891979,0.032489352,1.98E-11,9.20E-13,9.20E-13,305.507019,18.95389938,25.33239937,1,1,2.08,0.02,-0.0247,0.0059,1.65E-06,1.80E-07,1.1,11,2.05,0.0188,1.87,0.0389,934000000,596000000,3.40E-12,3.77E-13,1,10,1.45E-11,LP
8,M,SHBL J012308.7+342049,Beamed AGN,1ES 0120+340,,bll,0.020998657,70,2.94,0.48,0.61,1.13E-11,1.62E-12,2.07E-12,20.776,34.371,0.272,306,1.697100043,0.098814383,3.04E-12,4.59E-13,4.59E-13,14.83468819,20.79059982,34.35380173,0,0,2.47,0.04,-0.107,0.0139,4.12E-07,9.30E-08,1.2,10,2.93,0.303,1.59,0.093,8870000,12800000,2.26E-13,2.62E-13,1.3,9,3.04E-13,LP
9,M,B3 0133+388,Beamed AGN,B3 0133+388,,bll,0.051576108,85,1.99,0.69,0.9,7.91E-12,1.84E-12,2.28E-12,24.126,39.05,0,347,1.716868758,0.014746125,5.06E-11,1.69E-12,1.69E-12,61.22666931,24.14229965,39.09999847,0,0,0.45,0.16,0.174,0.0206,2.52E-09,1.68E-09,5.6,11,2,0.238,1.76,0.0122,128000000,1060000000,2.96E-12,2.52E-12,13.1,10,7.25E-12,BPL
10,M,RBS 259,Beamed AGN,1RXS J015658.6-530208,,bll,0.062036669,1234,2.31,0.51,0.6,7.32E-12,2.46E-12,1.56E-12,29.13,-53.036,0,403,1.740683317,0.052457143,5.87E-12,6.21E-13,6.21E-13,45.47267151,29.23279953,-53.03079987,0,0,2.26,0.03,-0.0666,0.00792,5.28E-07,7.68E-08,3.3,10,2.28,0.229,1.73,0.0433,131000000,463000000,1.22E-12,1.03E-12,2.8,9,1.78E-12,LP
11,M,2MASX J02141794+5144520,Beamed AGN,TXS 0210+515,,bll,0.029799156,114,2.58,0.39,0.46,1.37E-11,1.81E-12,1.67E-12,33.553,51.772,0.049,466,1.903795838,0.080524765,5.28E-12,5.32E-13,5.32E-13,13.49371338,33.59460068,51.75699997,0,0,2.3,0.03,-0.0528,0.0115,1.10E-06,1.86E-07,0.9,11,2.57,0.235,1.91,0.0729,4400000,8620000,9.03E-13,7.88E-13,1.1,10,1.97E-12,LP
12,M,QSO B0229+200,Beamed AGN,1ES 0229+200,,bll,0.035510379,131,2.28,0.28,0.31,2.35E-11,2.27E-12,2.62E-12,38.188,20.29,0.1396,541,1.788012624,0.09651687,3.68E-12,5.20E-13,5.20E-13,6.798809528,38.21390152,20.3159008,0,0,2.41,0.03,-0.0787,0.0136,9.10E-07,1.88E-07,1.2,10,2.34,0.0451,1.71,0.0952,756000000,629000000,3.04E-12,5.17E-13,0.9,9,6.73E-12,LP
13,A,ESO 416-G002,Sy1.9,PHL 1389,,bll,0.067922904,134,1.67,0.3,0.31,2.12E-11,2.92E-12,2.15E-12,38.828,-29.627,0.0592,548,2.027812958,0.177192733,1.65E-12,3.21E-13,3.21E-13,14.16720486,38.9007988,-29.65169907,0,0,2.19,0.07,0.0844,0.0549,3.31E-06,1.77E-06,1.7,11,1.92,8.92,2.3,0.0187,6.96,51.9,2.00E-10,2.09E-08,2,10,7.20E-11,LP
14,M,BZB J0244-5819,Beamed AGN,RBS 0351,,bll,0.031027886,1243,2.43,0.42,0.52,1.01E-11,1.13E-12,2.46E-12,41.188,-58.299,0.2645,581,1.745691299,0.050903689,6.70E-12,5.73E-13,5.73E-13,39.9550705,41.1576004,-58.32559967,0,0,2.29,0.02,-0.0728,0.00793,6.86E-07,8.76E-08,0.7,11,2.43,0.256,1.73,0.0487,29800000,78600000,1.05E-12,9.98E-13,0.6,10,1.84E-12,LP
15,M,QSO B0347-121,Beamed AGN,1ES 0347-121,,bll,0.017703556,191,2.2,0.36,0.42,1.57E-11,2.25E-12,3.31E-12,57.368,-11.983,0.18,789,1.758453965,0.087073743,3.89E-12,5.02E-13,5.02E-13,12.52437687,57.35390091,-11.99409962,0,0,2.39,0.03,-0.0821,0.0118,6.01E-07,1.12E-07,2,11,2.3,0.034,1.67,0.0748,1020000000,644000000,2.26E-12,3.08E-13,1.5,10,6.24E-12,LP
16,M,PKS 0352-686,Beamed AGN,PKS 0352-686,,bll,0.004428431,194,2.52,0.36,0.43,1.22E-11,1.44E-12,1.67E-12,58.28,-68.532,0.087,800,1.669465899,0.088745423,3.27E-12,4.43E-13,4.43E-13,8.323181152,58.2737999,-68.52819824,0,0,2.44,0.04,-0.104,0.0138,4.12E-07,9.20E-08,0.9,10,2.52,0.212,1.56,0.0957,112000000,215000000,9.47E-13,7.49E-13,0.9,9,1.34E-12,LP
17,M,PKS 0426-380,Beamed AGN,PKS 0426-380,,bll,0.059318463,1274,2.56,2.56,-2.56,3.82E-12,3.67E-12,3.58E-12,67.14,-37.887,0,903,2.097702265,0.006295787,2.13E-10,2.64E-12,2.64E-12,3498.595459,67.17299652,-37.94029999,0,0,0.91,0.06,0.186,0.00949,7.07E-07,1.65E-07,2.2,12,2.39,,2.01,0.00208,11600,54000,5.83E-12,,240.6,11,9.52E-12,2comp
18,M,PKS 0548-322,Beamed AGN,PKS 0548-322,,bll,0.054099527,305,3.23,1.23,2.34,1.82E-11,5.29E-12,6.16E-12,87.689,-32.273,0.069,1170,1.889395237,0.085219868,3.89E-12,4.65E-13,4.65E-13,9.009195328,87.62519836,-32.27709961,0,0,2.41,0.04,-0.0699,0.0126,1.14E-06,2.34E-07,0.8,11,3.24,0.846,1.88,0.0768,709000,1600000,1.24E-13,4.05E-13,0.9,10,6.85E-13,LP
19,M,PMN J0640-1253,Beamed AGN,TXS 0637-128,,bll,0.05615779,1297,2.56,0.74,1.18,7.87E-12,2.08E-12,2.51E-12,100.07,-12.866,0,1335,1.653947353,0.08480031,5.59E-12,7.20E-13,7.20E-13,4.921981335,100.0213013,-12.89599991,0,0,2.33,0.04,-0.0897,0.0136,4.47E-07,1.06E-07,0.3,11,2.55,0.409,1.59,0.0855,26600000,79900000,5.42E-13,8.29E-13,0.4,10,8.17E-13,LP
20,M,2MASX J07103005+5908202,Beamed AGN,1H 0658+595,,bll,0.00764748,360,2.28,0.24,0.26,2.41E-11,2.30E-12,2.77E-12,107.635,59.14,0.125,1433,1.688738585,0.048614744,6.69E-12,5.58E-13,5.58E-13,27.47393417,107.6233978,59.1352005,0,0,2.4,0.02,-0.0894,0.0073,9.12E-07,1.05E-07,2.7,10,2.32,0.0161,1.66,0.0631,548000000,92100000,3.36E-12,2.38E-13,1.6,9,6.85E-12,LP
21,M,2MASS J09303759+4950256,Beamed AGN,1ES 0927+500,,bll,0.0690515,1353,2.59,0.5,0.64,7.44E-12,1.71E-12,2.22E-12,142.523,49.878,0.1867,1941,1.82354188,0.124947958,2.30E-12,3.97E-13,3.97E-13,15.57820988,142.6253967,49.85770035,0,0,2.38,0.05,-0.0811,0.0213,3.75E-07,1.27E-07,1.1,10,2.58,0.253,1.73,0.152,24800000,53100000,4.77E-13,4.55E-13,1.3,9,7.79E-13,LP
22,M,2MASS J09343014-1721215,Beamed AGN,RXC J0934.4-1721,,bll,0.038995085,1354,2.73,0.72,1.16,7.93E-12,1.97E-12,2.55E-12,143.587,-17.337,0.2499,1956,1.939345837,0.139492407,2.09E-12,4.77E-13,4.77E-13,8.043386459,143.6278076,-17.33880043,0,0,2.27,0.09,-0.0254,0.0364,9.11E-07,4.68E-07,0.8,9,2.72,,2.15,,87500,,3.20E-13,,0.8,8,7.89E-13,LP
23,M,2MASX J10311847+5053358,Beamed AGN,1ES 1028+511,,bll,0.019858201,499,2.85,0.6,0.83,7.85E-12,1.31E-12,1.68E-12,157.854,50.903,0.3604,2168,1.735062718,0.033864398,1.20E-11,7.32E-13,7.32E-13,12.94198513,157.8453979,50.88389969,0,0,2.23,0.02,-0.07,0.00572,8.21E-07,8.21E-08,1,11,2.86,0.406,1.7,0.0335,1400000,2060000,1.98E-13,3.07E-13,0.7,10,7.71E-13,LP
24,M,2MASX J11033765-2329307,Beamed AGN,1ES 1101-232,,bll,0.045069922,525,2.53,0.51,0.67,1.08E-11,3.01E-12,1.66E-12,165.868,-23.471,0.186,2300,1.766713381,0.0737001,5.46E-12,6.07E-13,6.07E-13,12.72393703,165.9091034,-23.49570084,0,0,2.33,0.03,-0.08,0.0114,6.36E-07,1.16E-07,0.7,11,2.53,0.302,1.71,0.0744,21000000,53600000,8.12E-13,9.17E-13,0.9,10,1.38E-12,LP
25,M,2MASX J11363009+6737042,Beamed AGN,RX J1136.5+6737,,bll,0.032732017,550,2.33,0.33,0.39,1.27E-11,1.53E-12,2.24E-12,174.104,67.645,0.1342,2438,1.746691227,0.047285866,6.29E-12,4.97E-13,4.97E-13,27.51141357,174.1179047,67.61270142,0,0,2.3,0.02,-0.0669,0.00749,8.21E-07,9.55E-08,0.9,10,2.32,0.189,1.77,0.0467,127000000,369000000,1.83E-12,1.27E-12,0.7,9,3.18E-12,LP
26,M,FBQS J1221+3010,Beamed AGN,PG 1218+304,,bll,0.007870938,609,2.94,0.48,0.63,1.06E-11,1.68E-12,1.29E-12,185.343,30.16,0.1836,2636,1.707394958,0.021559468,4.37E-11,1.56E-12,1.56E-12,60.06486893,185.3448944,30.16769981,0,0,2.13,0.01,-0.0585,0.00383,1.75E-06,1.23E-07,1.5,11,2.94,0.324,1.67,0.0215,591000,505000,2.02E-13,2.49E-13,0.6,10,1.85E-12,LP
27,M,[HB89] 1415+259,Beamed AGN,1E 1415.6+2557,,bll,0.040721802,715,2.61,0.7,1.04,5.93E-12,1.73E-12,1.77E-12,214.449,25.72,0.237,3092,1.453926325,0.085487649,3.34E-12,5.09E-13,5.09E-13,8.131951332,214.4940033,25.72380066,0,0,2.43,0.04,-0.122,0.0145,1.93E-07,5.01E-08,0.6,9,2.61,0.415,1.4,0.0898,61000000,165000000,3.36E-13,5.23E-13,0.6,8,4.30E-13,LP
28,M,1ES 1426+428,Beamed AGN,H 1426+428,,bll,0.027124839,726,2.56,0.22,0.23,2.09E-11,1.04E-12,1.50E-12,217.149,42.655,0.129,3146,1.632105827,0.043557055,8.81E-12,6.93E-13,6.93E-13,16.44150162,217.1286011,42.67760086,0,0,2.4,0.02,-0.101,0.0067,8.43E-07,8.84E-08,1.1,10,2.55,0.133,1.59,0.045,46600000,50000000,1.44E-12,7.17E-13,0.8,9,1.98E-12,LP
29,M,[HB89] 1803+784,Beamed AGN,S5 1803+784,,bll,0.056798294,1523,1.93,0.56,0.68,9.08E-12,2.15E-12,2.36E-12,269.889,78.469,0.68,4299,2.210374594,0.012026862,5.42E-11,1.09E-12,1.09E-12,284.3983765,270.1730042,78.4673996,2,1,1.76,0.03,0.0731,0.00493,5.61E-06,6.20E-07,2.4,12,1.81,0.0327,2.25,0.01,135000000,58900000,6.31E-12,7.97E-13,8.7,11,3.19E-11,LP
30,M,QSO B1959+650,Beamed AGN,1ES 1959+650,,bll,0.018887336,1057,2.67,0.18,0.18,2.90E-11,1.83E-12,1.72E-12,299.973,65.158,0.047,4984,1.815919757,0.009765263,1.10E-10,2.06E-12,2.06E-12,1468.348511,300.0109863,65.14790344,0,0,2.07,0.01,-0.0332,0.00174,6.17E-06,1.83E-07,9.3,11,2.66,0.108,1.82,0.00922,343000,122000,1.39E-12,5.65E-13,3.7,10,4.25E-12,LP
31,M,2MASX J23470479+5142179,Beamed AGN,1ES 2344+514,,bll,0.004751644,1204,2.66,0.5,0.65,1.00E-11,1.51E-12,2.13E-12,356.764,51.692,0.044,5740,1.814421296,0.020350832,3.20E-11,1.25E-12,1.25E-12,60.45744705,356.7658997,51.69660187,0,0,2.07,0.02,-0.0313,0.00387,1.97E-06,1.59E-07,4.4,11,2.67,0.333,1.83,0.0176,373000,417000,4.78E-13,5.96E-13,3,10,1.05E-12,LP
32,M,H 2356-309,Beamed AGN,H 2356-309,,bll,0.057867206,1208,2.28,0.37,0.44,1.49E-11,1.85E-12,1.97E-12,359.777,-30.579,0.1651,5781,1.818763733,0.067492358,5.34E-12,5.48E-13,5.48E-13,11.60248566,359.7719116,-30.63669968,0,0,2.32,0.02,-0.0669,0.00962,8.67E-07,1.29E-07,0.5,11,2.26,0.0491,1.78,0.0621,524000000,466000000,2.57E-12,5.48E-13,0.3,10,4.58E-12,LP
33,M,3C 454.3,Beamed AGN,3C 454.3,,FSRQ,0.010978424,1170,1.5,0.05,0.05,1.58E-10,2.79E-12,2.81E-12,343.485,16.149,0.859,5576,2.396775961,0.003253146,9.95E-10,4.63E-12,4.63E-12,56365.36719,343.4963074,16.15060043,2,1,1.63,0,0.142,0.000835,0.000183269,1.97E-06,65.5,12,1.5,0.0304,2.56,0.00256,27600000,5220000,2.39E-10,2.36E-11,372.4,11,2.16E-09,LP
34,M,[HB89] 2230+114,Beamed AGN,CTA 102,,FSRQ,0.030551228,1154,1.49,0.25,0.27,3.01E-11,3.14E-12,3.36E-12,338.178,11.713,1.037,5503,2.286599398,0.004370117,4.90E-10,3.15E-12,3.15E-12,75011.80469,338.1524963,11.73060036,2,1,0.99,0.04,0.218,0.0072,5.60E-06,8.87E-07,16.9,12,1.5,0.157,2.41,0.0032,42500000,51200000,4.62E-11,2.35E-11,207.6,11,6.47E-10,BPL
35,M,PKS 2227-088,Beamed AGN,PKS 2227-08,,FSRQ,0.071719285,1153,1.46,0.51,0.54,1.71E-11,3.17E-12,3.68E-12,337.475,-8.492,1.5595,5499,2.587287188,0.017324587,4.22E-11,9.14E-13,9.14E-13,636.7931519,337.4258118,-8.544699669,2,1,1.7,0.03,0.162,0.00615,1.64E-05,1.48E-06,1.3,11,1.48,0.306,2.65,0.0163,13400000,20400000,2.76E-11,2.73E-11,7.2,10,1.69E-10,LP
36,M,[HB89] 2142-758,Beamed AGN,PKS 2142-75,,FSRQ,0.07353574,1604,1.41,0.48,0.48,1.46E-11,2.24E-12,2.78E-12,327.101,-75.575,1.139,5369,2.440870047,0.013595728,5.64E-11,1.09E-12,1.09E-12,2763.298096,326.8268127,-75.60240173,2,1,1.7,0.02,0.126,0.0049,1.16E-05,1.01E-06,1.1,12,1.42,0.284,2.49,0.0109,9060000,12800000,2.76E-11,2.51E-11,10.5,11,1.79E-10,LP
37,M,QSO B2013+370,Beamed AGN,MG2 J201534+3710,,FSRQ,0.036023195,1070,2.13,0.32,0.36,1.82E-11,2.42E-12,2.05E-12,303.894,37.212,0,5039,2.452852726,0.025322901,7.53E-11,6.65E-12,6.65E-12,125.4726334,303.892395,37.17599869,0,0,1.72,0.03,0.125,0.0101,2.02E-05,2.40E-06,3.6,9,1.93,0.00979,2.78,0.0586,1680000000,,9.42E-12,,1.2,8,1.05E-11,LP
38,M,PKS 1830-21,Beamed AGN,PKS 1830-211,,FSRQ,0.016754516,982,1.47,0.09,0.09,8.73E-11,3.11E-12,3.70E-12,278.424,-21.068,2.5,4543,2.534458876,0.010148437,1.92E-10,2.99E-12,2.99E-12,2473.932129,278.4100952,-21.05739975,2,1,1.74,0.01,0.14,0.00214,6.96E-05,1.71E-06,6.2,12,1.48,0.0566,2.67,0.00695,13200000,3580000,1.42E-10,2.54E-11,47.1,11,7.47E-10,LP
39,M,3C 345,Beamed AGN,3C 345,,FSRQ,0.026149262,828,1.17,0.36,0.35,2.07E-11,3.12E-12,3.30E-12,250.768,39.814,0.5928,3743,2.402047634,0.03021474,3.02E-11,1.18E-12,1.18E-12,202.0652924,250.7341003,39.81639862,0,0,1.85,0.02,0.0917,0.00803,7.91E-06,8.21E-07,1.1,11,1.17,0.213,2.43,0.0316,1300000,761000,7.46E-11,4.84E-11,0.8,10,6.46E-10,LP
40,M,PKS 1622-29,Beamed AGN,PKS B1622-297,,FSRQ,0.034426095,807,1.32,0.66,0.67,1.55E-11,2.90E-12,3.55E-12,246.554,-29.855,0.815,3646,2.564201832,0.022960892,3.91E-11,1.38E-12,1.38E-12,431.7817993,246.5149994,-29.84860039,2,1,1.71,0.03,0.147,0.00729,1.27E-05,1.35E-06,1.3,12,1.34,0.389,2.59,0.0196,6580000,10100000,3.62E-11,4.33E-11,4.6,11,2.23E-10,LP
41,M,PKS 1510-08,Beamed AGN,PKS 1510-089,,FSRQ,0.025431421,762,1.32,0.14,0.15,6.68E-11,3.40E-12,3.17E-12,228.216,-9.081,0.36,3320,2.382528305,0.005171852,4.18E-10,3.36E-12,3.36E-12,5930.063477,228.2147064,-9.106399536,2,1,1.65,0.01,0.124,0.00187,6.17E-05,1.70E-06,0.4,12,1.32,0.0874,2.44,0.00557,7840000,3160000,1.61E-10,4.37E-11,21,11,1.22E-09,LP
42,M,3C 279,Beamed AGN,3C 279,,FSRQ,0.015391797,644,1.32,0.23,0.22,3.88E-11,4.16E-12,3.67E-12,194.053,-5.799,0.5362,2755,2.290018797,0.004610593,4.50E-10,3.13E-12,3.13E-12,30121.30469,194.0415039,-5.788700104,2,1,1.57,0.01,0.123,0.00225,3.86E-05,1.72E-06,6,12,1.32,0.136,2.35,0.00375,8900000,6190000,9.57E-11,4.07E-11,88.2,11,6.52E-10,LP
43,M,3C 273,Beamed AGN,3C 273,,FSRQ,0.008642183,618,1.75,0.02,0.02,4.22E-10,3.08E-12,3.09E-12,187.276,2.047,0.1583,2672,2.704806805,0.010709196,1.14E-10,1.42E-12,1.42E-12,7045.782227,187.2675018,2.045399904,2,1,2.02,0,0.116,0.00165,0.000146008,2.39E-06,9.5,12,1.75,0.00948,2.77,0.00918,9760000,623000,3.26E-10,1.05E-11,15.8,11,1.23E-09,LP
44,M,PG 1222+216,Beamed AGN,4C +21.35,,FSRQ,0.020572033,613,1.7,0.25,0.26,2.45E-11,2.87E-12,2.66E-12,186.221,21.401,0.432,2653,2.341860294,0.006646469,1.97E-10,1.90E-12,1.90E-12,20391.89258,186.2277069,21.38139915,1,1,1.67,0.01,0.114,0.0025,2.58E-05,1.00E-06,1.6,12,1.71,0.0122,2.38,0.00689,114000000,10200000,2.08E-11,1.01E-12,10.4,11,2.27E-10,LP
45,M,4C +49.22,Beamed AGN,4C +49.22,,FSRQ,0.01741661,577,1.83,0.37,0.42,1.28E-11,1.73E-12,2.39E-12,178.344,49.5,0.334,2498,2.411873102,0.030281788,1.58E-11,5.35E-13,5.35E-13,1177.005371,178.3504944,49.51689911,2,1,1.92,0.02,0.086,0.00657,5.68E-06,4.89E-07,1.9,12,1.83,0.233,2.47,0.0254,28000000,69400000,7.86E-12,6.32E-12,3.2,11,9.09E-11,LP
46,M,[HB89] 0836+710,Beamed AGN,4C +71.07,,FSRQ,0.004390389,427,1.7,0.08,0.08,6.98E-11,2.49E-12,2.34E-12,130.349,70.885,2.172,1772,2.819621086,0.013875241,4.77E-11,8.83E-13,8.83E-13,3386.981689,130.3417969,70.88870239,2,1,1.81,0.01,0.202,0.00405,6.85E-05,2.55E-06,18.8,10,1.7,0.05,2.99,0.0152,31100000,8270000,6.15E-11,1.04E-11,28.1,9,2.18E-10,LP
47,M,PMN J0641-0320,Beamed AGN,PMN J0641-0320,,FSRQ,0.045508146,1298,0.96,0.96,0.54,2.19E-11,3.83E-12,4.52E-12,100.48,-3.362,0,1338,2.682496309,0.039849322,2.46E-11,1.62E-12,1.62E-12,357.0725708,100.4371033,-3.346600056,0,0,1.77,0.03,0.153,0.0112,1.25E-05,1.60E-06,1.7,10,0.945,0.34,2.64,0.0398,1610000,1120000,1.36E-10,1.35E-10,3,9,1.28E-09,LP
48,M,PKS 0528+134,Beamed AGN,PKS 0528+134,,FSRQ,0.03226251,281,1.25,0.5,0.48,1.82E-11,3.40E-12,4.72E-12,82.742,13.572,2.06,1097,2.560302973,0.034303341,2.18E-11,1.48E-12,1.48E-12,463.9769592,82.73639679,13.54020023,0,0,1.76,0.03,0.155,0.00943,1.29E-05,1.62E-06,2.9,11,1.26,0.283,2.72,0.0319,5140000,4730000,5.22E-11,4.60E-11,5.7,10,3.34E-10,LP
49,M,PKS 0402-362,Beamed AGN,PKS 0402-362,,FSRQ,0.016671646,205,1.91,0.5,0.61,1.07E-11,1.87E-12,2.48E-12,60.966,-36.072,1.417,841,2.528435707,0.010697705,7.44E-11,9.89E-13,9.89E-13,6080.07959,60.97499847,-36.0870018,2,1,0.51,0.14,0.362,0.0248,5.56E-07,2.48E-07,4.1,12,1.72,0.0247,2.66,0.00885,152000000,19300000,9.92E-12,9.78E-13,35.4,11,3.32E-11,BPL
50,M,PKS 2325+093,Beamed AGN,PKS 2325+093,,fsrq,0.012359252,1196,1.4,0.29,0.29,2.97E-11,3.85E-12,2.85E-12,351.887,9.663,1.843,5683,2.692795277,0.034744851,1.79E-11,9.78E-13,9.78E-13,374.9552307,351.8959045,9.654299736,2,1,1.87,0.02,0.147,0.0107,1.59E-05,1.71E-06,0.8,9,1.4,0.173,2.71,0.0416,4200000,2650000,5.86E-11,3.24E-11,1.6,8,3.09E-10,LP
51,M,87GB 215950.2+503417,Beamed AGN,NRAO 676,,fsrq,0.015803152,1133,1.78,0.3,0.32,1.90E-11,3.00E-12,1.92E-12,330.444,50.82,1.899,5411,2.66044879,0.018754115,5.11E-11,1.40E-12,1.40E-12,3121.675537,330.453186,50.80530167,2,1,1.7,0.02,0.168,0.00534,2.23E-05,1.45E-06,3,11,1.81,0.0295,2.72,0.0179,141000000,35000000,1.22E-11,1.29E-12,9,10,5.84E-11,LP
52,M,PKS 2149-306,Beamed AGN,PKS 2149-306,,fsrq,0.015367025,1128,1.61,0.09,0.08,8.93E-11,4.13E-12,3.10E-12,327.983,-30.463,2.345,5385,2.853699446,0.023570033,3.01E-11,8.90E-13,8.90E-13,963.7789307,327.9655151,-30.45999908,2,1,1.92,0.01,0.175,0.00532,5.21E-05,2.61E-06,4.4,11,1.61,0.0517,2.95,0.0209,10300000,2320000,1.02E-10,1.75E-11,10.5,10,4.02E-10,LP
53,M,[HB89] 1921-293,Beamed AGN,PKS B1921-293,,fsrq,0.062915712,1564,2.04,0.41,0.46,1.62E-11,3.42E-12,3.47E-12,291.218,-29.184,0.3526,4851,2.388073206,0.030106189,2.27E-11,8.11E-13,8.11E-13,279.9699097,291.2135925,-29.24679947,0,0,1.94,0.02,0.0702,0.00698,6.88E-06,6.24E-07,0.8,12,2,0.0197,2.44,0.0359,327000000,97600000,6.37E-12,5.61E-13,0.7,11,9.82E-11,LP
54,M,2MASS J16561677-3302127,Beamed AGN,2MASS J16561677-3302127,,fsrq,0.023892505,846,1.55,0.13,0.12,6.16E-11,3.04E-12,2.76E-12,254.076,-33.037,2.4,3811,2.788760424,0.05769131,1.53E-11,1.60E-12,1.60E-12,131.5129852,254.0946045,-33.01890182,0,0,1.96,0.02,0.158,0.0119,2.85E-05,3.25E-06,0.5,10,1.55,0.0777,2.91,0.0566,6800000,2390000,8.27E-11,2.03E-11,1.3,9,3.37E-10,LP
55,M,[HB89] 1354+195,Beamed AGN,4C +19.44,,fsrq,0.079027959,1434,2.02,0.64,0.85,8.67E-12,2.75E-12,1.94E-12,209.253,19.29,0.72,3003,2.75758934,0.102671713,3.99E-12,4.79E-13,4.79E-13,38.54277802,209.2902069,19.36079979,0,0,1.97,0.05,0.132,0.0278,4.52E-06,1.22E-06,1.2,11,1.98,0.0454,2.74,0.112,70700000,17300000,3.56E-12,7.74E-13,1.1,10,1.15E-10,LP
56,M,[HB89] 1334-127,Beamed AGN,PKS 1335-127,,fsrq,0.013194783,680,2.19,0.48,0.58,1.32E-11,2.66E-12,2.75E-12,204.411,-12.948,0.539,2929,2.421703815,0.03228841,1.81E-11,1.01E-12,1.01E-12,95.44394684,204.423996,-12.95170021,0,0,1.89,0.02,0.0947,0.00644,7.64E-06,7.62E-07,2.1,11,2.01,0.0164,2.78,0.0693,1030000000,134000000,5.37E-12,5.24E-13,0.7,10,6.42E-12,LP
57,M,PKS 1329-049,Beamed AGN,PKS 1329-049,,fsrq,0.031541417,674,1.51,0.46,0.48,1.55E-11,3.46E-12,3.33E-12,202.989,-5.153,2.15,2909,2.514416456,0.019799331,3.48E-11,1.13E-12,1.13E-12,2172.376709,203.0196075,-5.161099911,2,1,1.72,0.03,0.149,0.00674,1.33E-05,1.36E-06,3.9,11,1.51,0.277,2.6,0.0188,13500000,20000000,2.29E-11,2.07E-11,10,10,1.03E-10,LP
58,U,SWIFT J1254.9+1165,U3,ON 187,,fsrq,0.005550749,1411,1.72,0.49,0.56,1.32E-11,2.43E-12,3.00E-12,193.729,11.653,0,2752,2.791098356,0.087357409,5.16E-12,5.47E-13,5.47E-13,28.02040672,193.7333984,11.64949989,0,0,1.94,0.04,0.15,0.024,6.90E-06,1.64E-06,0.9,10,1.73,0.307,2.82,0.0946,13600000,23400000,1.10E-11,1.14E-11,1.1,9,2.02E-10,LP
59,M,4C +04.42,Beamed AGN,4C +04.42,,fsrq,0.047371126,611,1.45,0.2,0.21,3.62E-11,3.56E-12,3.30E-12,185.584,4.219,0.965,2640,2.785894632,0.035268564,1.94E-11,8.83E-13,8.83E-13,160.8666687,185.6271057,4.238900185,0,0,1.86,0.02,0.169,0.0101,2.29E-05,2.27E-06,0.7,10,1.46,0.124,2.84,0.04,6840000,3290000,6.20E-11,2.49E-11,1.9,9,3.40E-10,LP
60,M,FBQS J1159+2914,Beamed AGN,Ton 599,,fsrq,0.044926846,1397,1.84,0.59,0.7,7.49E-12,2.24E-12,2.30E-12,179.933,29.231,0.7247,2524,2.192562819,0.008241056,1.19E-10,1.68E-12,1.68E-12,7709.581055,179.8840027,29.24480057,2,1,1.37,0.11,0.134,0.0167,3.06E-06,1.17E-06,2.1,12,1.73,0.0262,2.3,0.00989,330000000,21900000,6.66E-12,8.94E-13,9.4,11,3.39E-11,LP
61,M,7C 1150+3324,Beamed AGN,B2 1150+33A,,fsrq,0.052995506,1395,1.83,0.47,0.54,1.01E-11,2.12E-12,2.84E-12,178.22,33.089,1.3976,2495,3.013952494,0.169481516,2.78E-12,4.23E-13,4.23E-13,19.16305542,178.2122955,33.14160156,0,0,1.95,0.07,0.197,0.0519,6.74E-06,2.99E-06,1.7,12,1.83,0.294,3.14,0.194,32200000,51000000,6.27E-12,6.37E-12,1.4,11,2.85E-10,LP
62,M,PKS 1143-696,Beamed AGN,PKS 1143-696,,fsrq,0.077454253,568,1.69,0.4,0.44,1.54E-11,3.26E-12,2.99E-12,176.524,-69.903,0.244,2461,2.687502623,0.087572932,5.60E-12,8.73E-13,8.73E-13,34.64306259,176.4382019,-69.83139801,0,0,1.95,0.05,0.136,0.0281,7.31E-06,2.00E-06,0.3,9,1.69,0.248,2.8,0.116,12400000,17200000,1.40E-11,1.16E-11,0.2,8,4.80E-11,LP
63,M,PKS 1127-14,Beamed AGN,PKS 1127-14,,fsrq,0.06459772,544,1.88,0.24,0.26,2.87E-11,3.92E-12,2.13E-12,172.532,-14.797,1.184,2417,2.691802502,0.057937104,8.90E-12,6.78E-13,6.78E-13,408.6453857,172.4651947,-14.79599953,0,0,2.02,0.03,0.115,0.0173,1.08E-05,1.96E-06,0.5,9,1.89,0.15,2.77,0.0833,26500000,31500000,1.52E-11,7.91E-12,0.4,8,2.14E-10,LP
64,M,[HB89] 1039+811,Beamed AGN,S5 1039+81,,fsrq,0.022262188,1374,1.67,0.39,0.43,1.17E-11,2.90E-12,2.05E-12,161.189,80.916,1.26,2219,2.784539938,0.042204097,9.22E-12,9.21E-13,9.21E-13,47.22148132,161.1638031,80.89409637,0,0,1.75,0.03,0.214,0.014,1.39E-05,1.96E-06,3.8,9,1.67,0.24,3.02,0.0512,37400000,46300000,1.14E-11,9.19E-12,5.7,8,4.05E-11,LP
65,U,SWIFT J0949.1+4057,confused source,4C +40.24,,fsrq,0.06338067,1359,2.46,0.71,0.98,7.26E-12,2.07E-12,1.77E-12,147.274,40.574,0,2000,2.607726574,0.104888089,3.15E-12,3.93E-13,3.93E-13,31.62884903,147.261795,40.63669968,0,0,2.06,0.05,0.0886,0.0277,2.88E-06,8.40E-07,1.8,11,2.12,0.0431,2.76,0.185,359000000,236000000,2.28E-12,3.87E-13,1.6,10,4.05E-11,LP
66,M,CGRaBS J0805+6144,Beamed AGN,TXS 0800+618,,fsrq,0.04764474,406,1.35,0.39,0.4,1.75E-11,3.79E-12,2.50E-12,121.311,61.751,3.033,1627,2.796711206,0.053345576,6.70E-12,4.66E-13,4.66E-13,221.1747131,121.3556976,61.79370117,0,0,1.89,0.03,0.168,0.0144,9.36E-06,1.34E-06,0.8,10,1.35,0.234,2.82,0.0529,3620000,2650000,3.93E-11,2.92E-11,1.6,9,2.17E-10,LP
67,M,B2 0743+25,Beamed AGN,B2 0743+25,,fsrq,0.042436717,386,1.43,0.24,0.24,3.60E-11,3.50E-12,3.16E-12,116.587,25.808,2.9793,1549,2.859004021,0.062948167,6.69E-12,6.42E-13,6.42E-13,87.51579285,116.6020966,25.76779938,0,0,1.94,0.02,0.194,0.0154,1.93E-05,2.74E-06,1.4,10,1.44,0.146,3.03,0.0628,5180000,2500000,6.47E-11,3.05E-11,2.4,9,3.20E-10,LP
68,M,PKS 0637-752,Beamed AGN,PKS 0637-75,,fsrq,0.037949936,339,2,0.31,0.35,1.65E-11,1.83E-12,2.79E-12,99.016,-75.28,0.651,1326,2.700873137,0.041716792,1.25E-11,6.06E-13,6.06E-13,448.1832886,98.90219879,-75.30460358,0,0,1.92,0.02,0.125,0.0103,9.47E-06,1.01E-06,1.1,12,1.95,0.0445,2.68,0.0403,88500000,42600000,7.45E-12,1.18E-12,1.2,11,2.69E-10,LP
69,M,[HB89] 0552+398,Beamed AGN,B2 0552+39A,,fsrq,0.020377403,310,1.54,0.39,0.41,2.14E-11,3.42E-12,2.95E-12,88.898,39.808,2.365,1190,2.758912086,0.038799461,1.76E-11,1.03E-12,1.03E-12,153.7549286,88.90149689,39.78779984,0,0,1.82,0.02,0.169,0.0109,1.61E-05,1.80E-06,2.1,10,1.54,0.237,2.78,0.0387,10400000,11300000,2.93E-11,2.26E-11,3.9,9,1.24E-10,LP
70,M,[HB89] 0537-286,Beamed AGN,PKS 0537-286,,fsrq,0.044925403,295,1.33,0.26,0.26,2.90E-11,3.50E-12,2.67E-12,84.967,-28.696,3.104,1140,2.731299877,0.031360026,1.60E-11,6.62E-13,6.62E-13,107.2576294,84.99520111,-28.65850067,0,0,1.86,0.02,0.164,0.00882,1.66E-05,1.47E-06,0.7,11,1.34,0.156,2.79,0.0313,4040000,2010000,6.75E-11,3.32E-11,2.3,10,4.07E-10,LP
71,M,PKS 0524-460,Beamed AGN,PKS 0524-460,,fsrq,0.03522615,276,1.37,0.39,0.4,1.55E-11,3.44E-12,2.69E-12,81.321,-46.008,1.479,1076,2.376130342,0.112584479,3.47E-12,4.68E-13,4.68E-13,7.258853436,81.37169647,-46.00699997,0,0,2.12,0.04,0.0393,0.0228,1.86E-06,5.25E-07,1.6,10,1.37,0.302,2.28,0.0312,87500,17500,3.42E-11,3.71E-11,0.9,9,1.87E-10,LP
72,M,[HB89] 0403-132,Beamed AGN,PKS 0403-13,,fsrq,0.061316021,207,1.78,0.59,0.69,1.10E-11,3.44E-12,2.37E-12,61.356,-13.141,0.5706,845,2.5478158,0.050918248,8.71E-12,5.14E-13,5.14E-13,79.74285889,61.41889954,-13.14379978,0,0,1.93,0.03,0.107,0.0153,5.13E-06,8.32E-07,0.9,11,1.78,0.365,2.54,0.0554,14200000,41900000,7.77E-12,9.68E-12,0.8,10,1.03E-10,LP
73,M,4C +50.11,Beamed AGN,NRAO 150,,fsrq,0.017029534,203,1.51,0.39,0.4,1.72E-11,2.60E-12,3.44E-12,59.903,50.974,1.52,826,2.662116766,0.032641139,3.28E-11,1.88E-12,1.88E-12,769.0371704,59.91579819,50.95899963,0,0,1.75,0.02,0.152,0.00875,1.47E-05,1.55E-06,1.1,11,1.51,0.234,2.67,0.0293,13000000,15300000,2.57E-11,1.95E-11,3.3,10,1.25E-10,LP
74,M,[HB89] 0212+735,Beamed AGN,S5 0212+73,,fsrq,0.072870919,119,1.55,0.18,0.18,3.50E-11,2.43E-12,2.31E-12,34.383,73.808,2.367,480,2.93982172,0.055627629,1.36E-11,9.72E-13,9.72E-13,41.12475204,34.35329819,73.88040161,2,1,1.9,0.03,0.178,0.0151,2.13E-05,3.05E-06,1.5,9,1.55,0.109,2.98,0.0698,10300000,4830000,4.68E-11,1.66E-11,2,8,1.10E-09,LP
75,U,PMN J0145-2733,Unknown AGN,PKS 0142-278,,fsrq,0.042279798,1228,1.43,1.43,1.31,1.07E-11,2.95E-12,3.14E-12,26.211,-27.54,1.155,370,2.603437424,0.03959373,9.83E-12,4.79E-13,4.79E-13,810.1420898,26.25849915,-27.53630066,2,1,1.82,0.03,0.148,0.00984,6.39E-06,8.27E-07,1.9,11,1.43,0.739,2.7,0.0303,5510000,15700000,1.97E-11,4.64E-11,4.2,10,1.04E-10,LP
76,A,ESO 354- G 004,Sy1.9,PMN J0151-3605,,bcu,0.007091854,94,1.98,0.46,0.53,1.12E-11,2.56E-12,2.65E-12,27.869,-36.134,0.0335,384,2.283751011,0.111519471,2.22E-12,3.24E-13,3.24E-13,7.990469933,27.87039948,-36.1269989,0,0,2.18,0.04,0.0326,0.0243,1.65E-06,4.78E-07,0.6,10,1.98,,2.24,0.0179,3.26,9.7,4.76E-11,,0.9,9,1.52E-11,LP
77,M,4C +33.06,Beamed AGN,4C +33.06,,bcu,0.048600199,1253,1.86,0.51,0.57,1.19E-11,3.29E-12,2.51E-12,46.19,33.804,0,642,2.569782019,0.11297968,2.99E-12,6.30E-13,6.30E-13,33.11779785,46.13790131,33.8260994,0,0,1.94,0.07,0.154,0.0347,7.02E-06,2.53E-06,0.6,9,1.85,0.313,3.05,0.198,61000000,123000000,7.10E-12,7.68E-12,0.5,8,1.84E-11,LP
78,M,PKS 0706-15,Beamed AGN,PKS 0706-15,,bcu,0.023555555,358,3.42,0.79,1.32,7.37E-12,1.63E-12,1.99E-12,107.329,-15.437,0,1429,1.810823083,0.095658876,4.62E-12,7.12E-13,7.12E-13,18.51443672,107.3095016,-15.45119953,0,0,2.32,0.05,-0.0709,0.0182,6.68E-07,1.97E-07,1,9,3.42,0.574,1.8,0.116,382000,489000,2.63E-14,5.90E-14,0.7,8,4.09E-13,LP
79,M,PKS 0723-008,Beamed AGN,PKS 0723-008,,bcu,0.029751247,367,1.75,0.46,0.51,1.49E-11,3.10E-12,3.88E-12,111.478,-0.942,0.128,1479,2.060087919,0.050564658,1.08E-11,7.04E-13,7.04E-13,21.61854172,111.4698029,-0.913399994,0,0,2.12,0.03,-0.013,0.00864,1.76E-06,2.39E-07,1.1,12,1.82,4.95,2.09,0.0169,2.56,16.5,1.06E-10,6.71E-09,1.3,11,4.15E-11,LP
80,M,2MASX J07332681+5153560,Beamed AGN,NVSS J073326+515355,,bcu,0.057414084,376,2.32,0.71,0.93,8.17E-12,2.17E-12,2.27E-12,113.404,51.931,0,1503,1.814691186,0.092724226,2.78E-12,3.91E-13,3.91E-13,12.43382835,113.3619003,51.87979889,0,0,2.32,0.04,-0.0646,0.0149,4.97E-07,1.17E-07,1.1,11,2.26,0.0355,1.81,0.102,591000000,473000000,1.47E-12,2.55E-13,1.2,10,2.15E-12,LP
81,D,IGR J13109-5552,Sy1,PMN J1310-5552,,bcu,0.030476506,659,1.56,0.3,0.31,2.47E-11,2.81E-12,3.05E-12,197.714,-55.912,0.104,2821,2.820767641,0.119176,7.23E-12,1.23E-12,1.23E-12,78.18166351,197.6837006,-55.88669968,0,0,2,0.05,0.13,0.0273,8.84E-06,2.50E-06,0.8,9,1.56,0.182,2.75,0.147,3880000,3870000,3.21E-11,1.90E-11,0.9,8,4.00E-10,LP
82,M,PMN J1508-4953,Beamed AGN,PMN J1508-4953,,bcu,0.013376623,755,1.15,0.34,0.33,2.86E-11,3.92E-12,3.73E-12,227.164,-49.865,0,3303,2.842568636,0.049620178,1.86E-11,1.49E-12,1.49E-12,35.64173126,227.1437073,-49.86220169,0,0,1.81,0.03,0.183,0.0167,1.90E-05,3.08E-06,0.8,9,1.15,0.2,2.86,0.0646,3470000,1860000,1.08E-10,6.49E-11,1,8,7.88E-10,LP
83,D,SGR A*,Galactic Center,Galactic Centre,,bcu,0.016038819,912,2.69,0.13,0.13,1.13E-10,3.26E-12,5.02E-12,266.416,-29.013,0,4172,2.339550495,0.011237243,4.21E-10,1.48E-11,1.48E-11,2.600498199,266.4147034,-28.99699974,0,0,1.77,0.01,0.0951,0.00288,9.80E-05,3.60E-06,33.7,11,2.39,0.067,2.06,,42500,,1.59E-11,3.48E-12,142.5,10,8.40E-12,2comp
84,M,PKS 1936-623,Beamed AGN,PKS 1936-623,,bcu,0.016516815,1569,1.32,0.5,0.49,1.78E-11,3.51E-12,3.25E-12,295.321,-62.164,0,4906,2.427847385,0.017432943,3.64E-11,8.97E-13,8.97E-13,1214.603149,295.3468018,-62.1753006,2,1,1.78,0.02,0.111,0.00503,9.62E-06,8.18E-07,1.1,12,1.32,0.294,2.49,0.0132,3480000,3830000,4.30E-11,3.94E-11,8,11,2.70E-10,LP
85,M,SWIFT J1943536.21+211822.9,Beamed AGN,MG2 J194359+2118,,bcu,0.02761934,1046,2.11,0.23,0.25,2.76E-11,2.26E-12,2.45E-12,295.983,21.309,0,4913,1.50675261,0.075208172,7.44E-12,9.83E-13,9.83E-13,14.68590832,296.0049133,21.29039955,0,0,2.3,0.04,-0.0595,0.0141,1.66E-06,3.77E-07,2.2,8,2.19,0.0188,1.67,0.235,5480000000,3070000000,5.77E-12,7.44E-13,1.4,7,1.54E-11,LP
86,M,B2 2023+33,Beamed AGN,B2 2023+33,,bcu,0.008100051,1581,1.49,0.54,0.57,1.33E-11,2.81E-12,3.13E-12,306.341,33.681,0.219,5077,2.631348372,0.043469351,2.93E-11,2.81E-12,2.81E-12,116.0126648,306.3411865,33.68909836,0,0,1.74,0.04,0.145,0.0174,1.13E-05,2.25E-06,0.7,10,1.49,0.322,2.74,0.0606,20000000,32300000,2.09E-11,2.16E-11,1,9,9.48E-11,LP
87,M,RX J2056.6+4940,Beamed AGN,RGB J2056+496,,bcu,0.007037282,1093,2.62,0.38,0.46,1.30E-11,2.02E-12,1.70E-12,314.202,49.665,0,5210,1.861838102,0.040669929,2.15E-11,1.25E-12,1.25E-12,24.68267441,314.1913147,49.66630173,0,0,2.15,0.02,-0.0373,0.00662,2.04E-06,2.20E-07,1.2,10,2.61,0.248,1.85,0.038,810000,1010000,7.55E-13,7.00E-13,0.8,9,3.54E-12,LP
88,M,RBS 1895,Beamed AGN,RBS 1895,,bcu,0.014496716,1619,2.51,0.7,1.07,6.97E-12,1.57E-12,1.76E-12,341.661,-52.12,0.194,5550,1.709237456,0.119823687,2.01E-12,3.74E-13,3.74E-13,19.09787941,341.6824951,-52.12599945,0,0,2.4,0.05,-0.0888,0.0196,3.03E-07,9.86E-08,0.4,9,2.51,0.262,1.66,0.122,68200000,165000000,5.57E-13,5.47E-13,0.4,8,8.17E-13,LP
89,M,1RXS J225146.9-320614,Beamed AGN,1RXS J225146.9-320614,,bcu,0.043600213,1169,2.01,0.43,0.5,1.40E-11,1.92E-12,2.47E-12,342.944,-32.096,0.246,5570,1.785957098,0.162133962,1.52E-12,3.51E-13,3.51E-13,11.20090961,342.9436035,-32.13959885,0,0,2.36,0.07,-0.0405,0.036,6.81E-07,3.37E-07,1.2,10,2.35,0.0499,1.96,0.207,548000000,292000000,1.50E-12,2.99E-13,1.1,9,1.18E-11,LP
90,M,PKS 0521-36,Beamed AGN,PKS 0521-36,,AGN,0.017504225,272,1.92,0.16,0.16,3.51E-11,2.56E-12,2.53E-12,80.758,-36.464,0.0553,1068,2.456803322,0.013364203,5.51E-11,9.80E-13,9.80E-13,676.4960938,80.73699951,-36.46860123,2,1,1.86,0.01,0.104,0.00343,2.13E-05,8.09E-07,4.5,12,1.92,0.0161,2.49,0.0131,142000000,31800000,1.69E-11,9.82E-13,7.3,11,8.02E-11,LP
91,M,Cen A,Beamed AGN,Cen A,CenA Lobes field,RDG,0.012179063,670,1.88,0,0.01,1.35E-09,3.05E-12,3.69E-12,201.365,-43.019,0.0018,2881,2.635287285,0.020931909,6.26E-11,1.42E-12,1.42E-12,18.01937675,201.3813019,-43.01649857,2,1,2.22,0,0.116,0.000953,0.000261357,2.07E-06,14.5,12,1.88,0.0032,2.64,0.0225,1100000,213000,7.21E-10,7.94E-12,3.6,11,2.83E-09,LP
92,M,3C 120,Beamed AGN,3C 120,,RDG,0.038519525,225,2.01,0.08,0.07,9.54E-11,2.33E-12,3.11E-12,68.298,5.356,0.033,915,2.744016171,0.043364208,1.45E-11,1.02E-12,1.02E-12,278.8041687,68.26180267,5.369599819,0,0,2.13,0.01,0.0952,0.00706,2.40E-05,1.85E-06,4.1,10,2,0.0443,2.8,0.0414,28400000,11800000,3.58E-11,5.61E-12,3.6,9,8.06E-11,LP
93,M,NGC 1275,Beamed AGN,NGC 1275,,RDG,0.009372118,172,3.82,0.09,0.1,8.26E-11,1.47E-12,1.05E-12,49.947,41.507,0.0176,697,2.105507851,0.005205145,3.32E-10,3.85E-12,3.85E-12,4829.674316,49.95750046,41.51210022,2,1,1.94,0,0.0315,0.00108,4.72E-05,6.61E-07,217.5,12,3.67,,2,,29400,,1.22E-13,,221.6,11,2.58E-11,2comp
94,M,PKS 2300-18,Beamed AGN,PKS 2300-18,,rdg,0.068950004,1180,2.03,0.51,0.62,1.46E-11,2.70E-12,2.53E-12,345.788,-18.698,0.1283,5604,2.182284594,0.12027356,2.45E-12,3.68E-13,3.68E-13,9.930710793,345.71521,-18.69849968,0,0,2.27,0.04,-0.0123,0.0227,1.26E-06,3.61E-07,0.9,10,2.13,,2.2,,17000,,2.52E-12,,1.8,9,1.40E-11,LP
95,D,3C 303,Sy1,3C 303,,rdg,0.045842945,1449,2.39,0.69,0.97,5.70E-12,1.86E-12,1.73E-12,220.73,52.064,0.1412,3202,2.048519373,0.121781006,1.70E-12,2.83E-13,2.83E-13,8.547168732,220.7789001,52.02939987,0,0,2.23,0.04,-0.0127,0.0166,6.75E-07,1.69E-07,0.5,10,2.38,,2.13,,1140000,,6.86E-13,,0.6,9,1.79E-12,LP
96,D,PICTOR A,Sy2,Pictor A,,rdg,0.044788887,269,2.05,0.15,0.15,3.73E-11,2.39E-12,2.35E-12,79.952,-45.775,0.0351,1061,2.429515362,0.122413501,4.12E-12,6.51E-13,6.51E-13,7.309115887,79.90579987,-45.7439003,0,0,2.22,0.03,0.0447,0.0166,5.31E-06,1.02E-06,1.2,11,2.05,0.0881,2.47,0.124,2320000,4990000,1.23E-11,3.85E-12,1.2,10,4.63E-11,LP
97,M,QSO B0309+411,Beamed AGN,B3 0309+411B,,rdg,0.039173279,169,1.58,0.51,0.53,1.52E-11,2.94E-12,3.22E-12,48.257,41.291,0.136,673,2.694086075,0.335408837,4.12E-12,1.81E-12,1.81E-12,24.95969009,48.24380112,41.32889938,0,0,2.02,0.12,0.108,0.0627,4.55E-06,3.32E-06,0.9,8,1.58,0.306,2.44,0.472,473000,2360000,1.86E-11,1.87E-11,0.9,7,1.55E-10,LP
98,D,NGC 4945,Sy2,NGC 4945,,sbg,0.003441525,654,1.5,0.02,0.03,2.82E-10,2.98E-12,3.79E-12,196.365,-49.47,0.0019,2800,2.27400732,0.04732452,1.12E-11,7.01E-13,7.01E-13,10.28437996,196.3634949,-49.47330093,0,0,2.14,0.01,0.232,0.00605,0.000101975,3.60E-06,46.8,11,1.77,0.269,2.31,0.00323,3490,5840,5.09E-10,5.02E-10,284,10,1.91E-09,User
99,M,M 82,Starburst galaxy,M 82,,sbg,0.028525516,477,3.39,0.88,1.61,4.83E-12,1.40E-12,1.04E-12,148.908,69.642,0,2022,2.219928265,0.036647372,1.06E-11,4.76E-13,4.76E-13,6.064131737,148.9470062,69.667099,0,0,1.99,0.03,0.0362,0.0075,2.24E-06,2.89E-07,2.4,11,3.39,,2.1,0.0114,20400,,1.97E-14,,5.8,10,1.49E-11,LP
100,D,NGC 1068,Sy1.9,NGC 1068,,sbg,0.004172397,143,1.82,0.15,0.16,3.79E-11,2.23E-12,2.49E-12,40.664,-0.004,0.0038,576,2.327714443,0.062270343,6.53E-12,5.18E-13,5.18E-13,17.73657799,40.66699982,-0.0069,0,0,2.14,0.02,0.062,0.0152,6.93E-06,1.16E-06,3.8,10,1.87,0.944,2.24,0.0087,145,1330,1.35E-10,9.63E-10,6.2,9,8.66E-11,LP
101,M,Circinus Galaxy,Sy2,Circinus galaxy,,sey,0.009952311,710,2.09,0.02,0.02,2.73E-10,1.90E-12,2.69E-12,213.292,-65.342,0.0014,3078,2.262383699,0.099448845,6.68E-12,1.06E-12,1.06E-12,14.40029716,213.2944031,-65.33209991,0,0,9.77,0.27,2.62,0.0914,1.50E-10,6.98E-11,8,10,1.94,0.625,2.36,0.00419,9310,35500,2.13E-10,3.97E-10,197,9,1.77E-10,User
102,M,1H 0323+342,Beamed AGN,1H 0323+342,,nlsy1,0.046030417,173,1.62,0.29,0.31,2.73E-11,3.41E-12,2.44E-12,51.21,34.166,0.061,709,2.817988396,0.036921266,1.92E-11,9.41E-13,9.41E-13,197.3748932,51.2057991,34.2118988,0,0,1.83,0.02,0.182,0.0118,2.19E-05,2.39E-06,1.2,11,1.63,0.181,2.86,0.0435,16300000,14600000,2.96E-11,1.77E-11,1,10,8.18E-10,LP
103,M,3C 380,Beamed AGN,3C 380,,css,0.027684622,979,1.52,0.38,0.39,1.52E-11,2.37E-12,2.72E-12,277.403,48.737,0.692,4513,2.423872709,0.02688086,1.79E-11,7.04E-13,7.04E-13,68.74333954,277.3996887,48.76459885,2,1,1.89,0.02,0.0918,0.0069,6.39E-06,5.81E-07,1.3,12,1.52,0.227,2.45,0.0242,3610000,4000000,2.20E-11,1.63E-11,2.4,11,1.06E-10,LP
104,M,Cas A,SNR,Cas A,,snr,0.007926257,1192,3.33,0.09,0.1,6.49E-11,1.47E-12,1.92E-12,350.846,58.817,0,5659,1.971131086,0.016863028,6.17E-11,1.92E-12,1.92E-12,4.546471596,350.8612976,58.81729889,0,0,2.21,0.01,-0.0393,0.00245,9.90E-06,3.66E-07,63.6,10,3.36,0.0581,2.01,0.0131,66000,7790,2.84E-13,6.42E-14,8.8,9,7.97E-13,2comp
105,M,Tycho SNR,SNR,Tycho,,snr,0.01004581,11,3.03,0.43,0.54,1.31E-11,1.21E-12,1.62E-12,6.326,64.142,0,99,2.181818724,0.070391469,9.78E-12,1.06E-12,1.06E-12,4.237221241,6.340499878,64.14980316,0,0,2.13,0.03,0.0116,0.0108,3.29E-06,4.97E-07,4.1,10,3.27,0.391,2.13,0.0174,33300,8670,7.22E-14,1.11E-13,3,9,1.10E-11,2comp
106,D,SNR G068.8+02.6,SNR,PSR J1952+3252,,PSR,0.015877075,1051,2.27,0.58,0.8,9.21E-12,1.95E-12,1.78E-12,298.262,32.893,0,4946,2.281392336,0.009365071,1.51E-10,2.69E-12,2.69E-12,6.008659363,298.2473145,32.88299942,0,0,-1.95,0.2,0.665,0.0306,3.78E-11,2.83E-11,5,11,1.75,0.0213,2.98,0.0208,1380000000,43800000,8.43E-12,1.11E-12,16.1,10,1.32E-11,2comp
107,D,SNR G21.5-00.9,SNR,PSR J1833-1034,,PSR,0.009600587,981,2.26,0.09,0.09,7.45E-11,2.36E-12,2.81E-12,278.386,-10.566,0,4542,2.500827312,0.025577106,8.20E-11,4.32E-12,4.32E-12,3.027546167,278.3832092,-10.55679989,0,0,1.93,0.01,0.0835,0.00449,3.70E-05,2.05E-06,15.8,11,2.28,0.297,2.18,0.00758,22100,5060,1.19E-11,1.37E-11,46.5,10,5.29E-11,2comp
108,F,4U 1820-30,LMXB,PSR J1823-3021A,,PSR,0.02515357,968,5.2,0.01,0.02,9.49E-10,1.10E-12,1.13E-12,275.918,-30.36,0,4472,2.214353323,0.03561008,1.41E-11,7.33E-13,7.33E-13,2.60368824,275.89151,-30.34950066,0,0,7.95,,0.783,,9.58E-12,,45.4,11,5.06,,2.41,,89900,,5.24E-15,,4930.4,10,3.12E-13,2comp
109,F,SLX 1744-299,LMXB,PSR J1747-2958,,PSR,0.047169161,921,3.25,0.06,0.06,1.33E-10,1.73E-12,1.72E-12,266.858,-30.001,0,4186,2.563170195,0.026847795,1.57E-10,6.61E-12,6.61E-12,14.50856686,266.8230896,-29.96479988,0,0,2.84,0.02,-0.126,0.0066,1.15E-06,1.24E-07,106.3,10,3.11,0.0325,2.27,0.00269,87500,,1.45E-12,1.74E-13,112.1,9,1.31E-11,2comp
110,D,1RXS J122758.8-485343,CV,PSR J1227-4853,,PSR,0.007396431,617,1.85,0.18,0.19,3.68E-11,3.76E-12,2.61E-12,187.016,-48.891,0,2668,2.381770611,0.026682226,2.26E-11,1.26E-12,1.26E-12,74.36132813,187.0101013,-48.88470078,0,0,1.99,0.02,0.0692,0.00714,1.19E-05,1.02E-06,2.3,10,1.85,0.111,2.45,0.0337,13400000,15400000,2.16E-11,8.18E-12,3.4,9,6.79E-11,LP
111,M,PSR J1124-5916,Pulsar,PSR J1124-5916,,PSR,0.053658228,540,2.47,0.65,0.89,8.28E-12,1.83E-12,2.62E-12,171.123,-59.307,0,2391,2.460952759,0.017608956,6.12E-11,1.69E-12,1.69E-12,8.561666489,171.1773987,-59.26110077,0,0,-1.76,0.43,0.674,0.0674,6.14E-11,9.62E-11,3.6,11,1.85,0.0198,3.1,0.051,1230000000,58600000,6.60E-12,8.11E-13,1.2,10,1.86E-11,2comp
112,M,Vela Pulsar,Pulsar,PSR J0835-4510,Vela X field,PSR,0.005649806,420,1.97,0.03,0.04,1.75E-10,2.33E-12,2.57E-12,128.841,-45.183,0,1749,2.234131098,0.001425366,9.39E-09,2.93E-11,2.93E-11,4.560324669,128.8370056,-45.17810059,2,1,1.26,0,0.202,0.000515,0.000650069,7.01E-06,2093,12,1.63,0.00142,3.1,0.00308,1470000000,10300000,2.29E-10,1.68E-12,895.6,11,4.25E-10,2comp
113,M,PSR B0540-69,Pulsar,PSR J0540-6919,LMC-Galaxy field,PSR,0.026777053,296,1.93,0.12,0.11,4.93E-11,2.19E-12,1.90E-12,85.016,-69.346,0,1144,2.473681688,0.02800536,2.75E-11,1.55E-12,1.55E-12,8.074471474,85.08869934,-69.33830261,0,0,1.97,0.01,0.0986,0.00701,2.09E-05,1.67E-06,2.9,10,1.93,0.0692,2.66,0.0335,67300000,49700000,2.31E-11,5.54E-12,2.8,9,8.88E-11,LP
114,F,2MASX J04372814-4711298,Sy1,PSR J0437-4715,,PSR,0.078769088,228,1.96,0.55,0.66,9.93E-12,1.74E-12,2.28E-12,69.405,-47.206,0.053,931,2.347970247,0.020466294,1.73E-11,5.26E-13,5.26E-13,9.624285698,69.31359863,-47.25450134,0,0,1.78,0.04,0.127,0.00801,6.52E-06,8.89E-07,34.5,9,1.94,0.0207,3.98,0.162,1450000000,51200000,3.91E-12,4.85E-13,2.3,8,1.04E-11,LP
115,M,PSR J1811-1925,Pulsar,PSR J1811-1925,HESS J1809-193 field,psr,0.014119815,955,2.07,0.2,0.22,3.47E-11,2.69E-12,3.05E-12,272.872,-19.424,0,4383,2.140100718,0.130677313,1.12E-11,3.17E-12,3.17E-12,8.643215179,272.8865051,-19.42749977,0,0,2.06,0.05,0.0389,0.0166,8.32E-06,2.04E-06,1.3,8,2.08,0.12,2.58,0.177,1240000000,3280000000,1.05E-11,4.34E-12,1.2,7,3.22E-11,LP
116,M,Crab,Pulsar,Crab Nebula$^\dagger$,,PWN,0.003074462,286,2.17,0,0,2.33E-08,3.50E-12,3.30E-12,83.632,22.017,0,1118,3.801891804,0.117021665,1.57E-10,2.33E-11,2.33E-11,606.1685791,83.63310242,22.01989937,0,0,2.34,0,0.0557,0.000354,0.002535049,4.49E-06,976.9,8,2.17,0.000202,3.5,0.0989,20600000,3180000,5.33E-09,3.84E-12,177.1,7,6.29E-07,LP
117,F,IGR J17461-2853,molecular cloud,PWN G0.13-0.11,,pwn,0.078567487,915,1.7,0.54,0.55,3.25E-11,8.35E-12,8.61E-12,266.52,-28.886,0,4179,2.456714869,0.029087128,7.00E-11,7.18E-12,7.18E-12,7.365031242,266.6073914,-28.8682003,0,0,1.66,0.03,0.136,0.00739,3.19E-05,4.54E-06,9.1,10,1.69,0.312,2.67,0.0279,106000000,265000000,2.98E-11,3.00E-11,15.3,9,9.68E-11,LP
118,M,Cyg X-3,HMXB,Cyg X-3,Cygnus Cocoon field,HMB,0.072412756,1080,3,0,0.01,2.47E-09,1.93E-12,1.62E-12,308.108,40.958,0,5109,2.656200886,0.063749783,3.47E-11,5.20E-12,5.20E-12,82.61193085,308.1525879,40.89390182,0,0,6.98,0.03,1.27,0.00955,2.01E-08,1.10E-09,83.2,10,2.75,0.00222,3.56,0.0101,31300,164,1.04E-10,8.96E-13,168.3,9,3.37E-11,2comp
119,M,RX J1826.2-1450,HMXB,LS 5039,,HMB,0.002286652,976,1.62,0.25,0.25,3.27E-11,3.07E-12,2.28E-12,276.562,-14.848,0,4493,2.61397481,0.013810563,2.72E-10,9.19E-12,9.19E-12,9.032120705,276.5636902,-14.84959984,0,0,1.54,0.01,0.178,0.0043,5.74E-05,3.16E-06,5,12,1.63,0.0868,2.68,0.0136,123000000,81100000,3.46E-11,9.74E-12,13.4,11,1.99E-10,LP
120,M,2XMM J130247.6-635008,HMXB,PSR B1259-63,,HMB,0.069481102,1413,1.2,0.58,0.54,1.95E-11,3.96E-12,4.12E-12,195.58,-63.855,0,2786,2.745336771,0.138906509,1.64E-11,3.70E-12,3.70E-12,187.2807922,195.7274017,-63.83039856,0,0,1.7,0.11,0.235,0.0635,2.37E-05,1.35E-05,1.7,11,1.21,0.324,3.1,0.251,9620000,10500000,6.35E-11,6.28E-11,1.6,10,8.56E-10,LP
121,M,LS I +61 303,HMXB,LSI +61 303,,HMB,0.014229947,138,1.73,0.2,0.2,3.19E-11,2.96E-12,2.18E-12,40.163,61.239,0,568,2.377352953,0.005148982,4.71E-10,4.51E-12,4.51E-12,250.57724,40.14260101,61.22869873,2,1,1.5,0.01,0.153,0.00255,4.80E-05,2.63E-06,35.4,12,1.7,0.00836,2.59,0.00593,421000000,18000000,2.85E-11,1.15E-12,72,11,1.03E-10,LP
122,M,Cyg X-1,HMXB,Cyg X-1,,hmb,0.03541561,1053,1.9,0,0,1.72E-08,1.90E-12,3.40E-12,299.591,35.201,0,4974,2.136336327,0.10691309,6.55E-12,1.05E-12,1.05E-12,12.48942947,299.6343079,35.20240021,0,0,2.74,0,0.294,0.000945,0.001434647,6.32E-06,313.5,10,1.88,0.000229,2.84,0.00596,102000,175,9.30E-09,7.35E-12,6798.2,9,2.27E-08,LP
123,M,V395 Car,LMXB,2S 0921-630,,lmb,0.052549864,1350,5.38,1.34,2.39,5.64E-12,8.30E-13,9.90E-13,140.549,-63.315,0,1912,2.231203079,0.097449243,1.94E-12,3.58E-13,3.58E-13,2.717906713,140.4454041,-63.29059982,0,0,2.41,0.1,-0.104,0.0471,4.05E-07,2.55E-07,3.1,8,5.38,,0.187,,11500000,,3.40E-18,,12.7,7,3.26E-18,LP
124,M,Eta Carina,XRB,Eta Carinae,FGES J1036.3-5833 field,BIN,0.005007235,513,3.76,0.86,1.31,7.80E-12,1.39E-12,1.39E-12,161.272,-59.678,0,2220,2.310899258,0.011774341,1.85E-10,5.55E-12,5.55E-12,46.68136978,161.2774048,-59.68220139,0,0,1.58,0.03,0.12,0.00491,1.72E-05,1.90E-06,5.8,11,3.61,,1.99,0.00344,13900,,1.34E-14,1.95E-14,175.7,10,7.55E-12,LP
125,F,4U 2129+12,LMXB,NGC 7078,,glc,0.026179509,1112,2.66,0.09,0.08,7.69E-11,1.59E-12,1.93E-12,322.49,12.169,0,5308,2.61784935,0.101610787,4.21E-12,5.61E-13,5.61E-13,22.57378387,322.4823914,12.14389992,0,0,2.5,0.02,-0.0298,0.00937,3.56E-06,4.87E-07,3.9,10,2.57,0.0634,2.42,,42500,,5.14E-12,1.21E-12,3.4,9,6.01E-11,LP
126,F,XB 1832-330,LMXB,NGC 6652,,glc,0.01526663,984,2.26,0.03,0.04,1.78E-10,2.28E-12,2.72E-12,278.943,-32.986,0,4556,2.353420496,0.067261189,4.79E-12,6.03E-13,6.03E-13,12.63377857,278.9396057,-32.97100067,0,0,2.36,0.01,0.031,0.00503,1.61E-05,8.90E-07,3.3,10,2.26,0.0235,2.44,0.035,111000,98400,3.11E-11,2.69E-12,3.8,9,5.34E-11,2comp
127,F,4U 1746-37,LMXB,NGC 6441,,glc,0.021250469,931,5.45,0.13,0.14,8.25E-11,1.09E-12,1.62E-12,267.553,-37.052,0,4213,2.397519112,0.041400123,1.51E-11,1.36E-12,1.36E-12,8.222306252,267.5783081,-37.04539871,0,0,4.01,0.05,-0.48,0.0152,9.18E-10,2.52E-10,33.7,10,5.3,,3.06,,50400,,2.42E-16,,39.2,9,8.09E-15,2comp
128,M,ESO 520-27,GC,Terzan 5,,glc,0.008680417,1519,4.32,0.35,0.4,2.62E-11,1.33E-12,1.14E-12,267.021,-24.78,0,4197,2.365626812,0.017314419,7.90E-11,3.00E-12,3.00E-12,5.283940315,267.0185852,-24.77160072,0,0,1.75,0.01,0.116,0.00337,2.58E-05,1.39E-06,55.9,11,4.93,0.469,2.14,0.00574,25000,1580,2.86E-16,5.39E-16,160.9,10,4.07E-15,2comp
129,F,4U 1722-30,LMXB,Terzan 2,,glc,0.048956596,885,2.51,0.02,0.01,4.31E-10,1.91E-12,2.45E-12,261.888,-30.802,0,4011,2.367687225,0.093216106,6.66E-12,1.48E-12,1.48E-12,7.441272259,261.9129944,-30.84600067,0,0,2.47,0.01,-0.00919,0.00329,2.32E-05,6.59E-07,6.5,9,2.5,,2.36,,48500000,,3.53E-11,,7,8,4.57E-11,LP
130,U,GX 340+0,LMXB,4U 1642-45,,unk,0.057738788,829,5.59,0.01,0.01,8.61E-10,1.12E-12,1.19E-12,251.446,-45.611,0,3764,2.60680747,0.052760892,4.54E-11,8.61E-12,8.61E-12,5.370985508,251.454895,-45.55360031,0,0,6.94,,0.343,,2.36E-11,,40.9,9,5.44,2.42E-06,2.18,0.0117,62600,484,1.42E-15,1.90E-18,272.1,8,2.91E-13,2comp
131,U,SAX J1808.4-3658,LMXB,,SWIFT J1808.5-3655,,0.043052915,951,2.34,0.19,0.19,3.68E-11,2.51E-12,2.34E-12,272.119,-36.988,0,4359,2.442337751,0.076862544,4.41E-12,6.73E-13,6.73E-13,12.0984211,272.1268005,-37.0306015,0,0,2.22,0.03,0.0322,0.0141,5.63E-06,9.85E-07,1.9,9,2.25,0.0127,2.98,0.636,2410000000,2030000000,6.84E-12,3.57E-13,1.1,8,7.91E-12,LP
132,U,XTE J1652-453,LMXB,,SWIFT J1652.3-4520,,0.061177505,839,2.51,0.21,0.24,3.14E-11,2.71E-12,2.64E-12,253.085,-45.342,0,3797,2.580803871,0.073247902,1.85E-11,3.87E-12,3.87E-12,9.227985382,253.0659943,-45.28229904,0,0,2.05,0.05,0.0535,0.0179,1.02E-05,2.42E-06,6.5,9,2.51,0.106,2.17,,62500,,2.52E-12,7.74E-13,7.6,8,3.33E-12,LP
133,M,PKS 2005-489,Beamed AGN,PKS 2005-489,,BLL,0.087620082,1064,2.42,0.83,1.25,6.03E-12,3.07E-12,2.61E-12,302.477,-48.866,0.071,5018,1.830159307,0.020126447,3.15E-11,1.26E-12,1.26E-12,154.4743195,302.3594971,-48.82479858,0,0,1.97,0.06,-0.0179,0.00872,1.26E-06,3.12E-07,2,11,2.39,0.543,1.83,0.0181,449000,1240000,7.02E-13,1.39E-12,1.5,10,1.41E-12,LP
134,M,87GB 050246.4+673341,Beamed AGN,1ES 0502+675,,bll,0.093841723,258,2.5,0.57,0.81,9.03E-12,2.28E-12,2.18E-12,76.92,67.533,0.314,1028,1.577933669,0.024053078,2.37E-11,1.02E-12,1.02E-12,56.32469559,76.99559784,67.62229919,0,0,2.22,0.02,-0.0849,0.00459,7.64E-07,7.78E-08,1.7,10,2.51,0.388,1.53,0.0249,13300000,33400000,7.17E-13,1.03E-12,0.9,9,1.32E-12,LP
135,M,2MASX J03252346-5635443,Beamed AGN,1RXS J032521.8-563543,,bll,0.081963551,177,2.06,0.54,0.66,8.49E-12,2.21E-12,2.35E-12,51.47,-56.526,0.0602,713,1.94756341,0.055168319,5.83E-12,4.69E-13,4.69E-13,36.16117859,51.37939835,-56.5909996,0,0,2.18,0.03,-0.0336,0.00922,8.72E-07,1.29E-07,0.7,11,2.18,,1.93,0.0473,204000000,,1.77E-12,,0.7,10,7.15E-12,LP
136,M,PKS 0607-549,Beamed AGN,PKS 0607-549,,bcu,0.136565305,1288,2.19,2.19,5.84,6.24E-12,3.72E-12,3.68E-12,92.209,-55.078,0,1236,2.677204609,0.059680227,6.79E-12,4.78E-13,4.78E-13,76.69432831,92.23870087,-54.94250107,0,0,1.86,0.08,0.14,0.0198,4.71E-06,1.31E-06,0.5,10,1.9,0.0669,2.68,0.0586,70700000,20400000,3.74E-12,1.55E-12,1,9,1.25E-10,LP
137,M,B2 0920+39,Beamed AGN,B2 0920+39,,bcu,0.106951523,1351,1.44,0.55,0.57,1.22E-11,2.73E-12,3.53E-12,140.828,38.777,0,1918,2.685400248,0.0587328,5.88E-12,6.03E-13,6.03E-13,91.15252686,140.8849945,38.8742981,0,0,1.89,0.04,0.147,0.0172,6.39E-06,1.16E-06,0.8,10,1.45,0.325,2.74,0.0647,4920000,6080000,2.12E-11,2.22E-11,1.2,9,1.05E-10,LP
138,M,8C 1849+670,Beamed AGN,S4 1849+67,,FSRQ,0.086982688,1550,2.72,0.72,1.06,6.39E-12,1.90E-12,1.54E-12,282.125,67.048,0.657,4647,2.294910669,0.013779507,4.42E-11,1.12E-12,1.12E-12,1860.47229,282.3192139,67.09089661,0,0,1.72,0.03,0.103,0.00574,7.22E-06,9.01E-07,2.7,12,2.56,,2.08,0.00357,9910,110000,8.79E-13,,114,11,5.15E-12,LP
139,M,RBS 0315,Beamed AGN,TXS 0222+185,,fsrq,0.089499541,124,1.73,0.22,0.22,3.14E-11,2.91E-12,3.47E-12,36.257,18.805,2.69,512,2.950624228,0.104640238,4.99E-12,6.66E-13,6.66E-13,52.2118988,36.22940063,18.71940041,0,0,2.04,0.04,0.15,0.0245,1.21E-05,2.79E-06,1.6,8,1.72,0.133,2.97,0.149,10400000,7870000,2.63E-11,1.18E-11,1.9,7,4.36E-10,LP
140,M,4C +32.14,Beamed AGN,NRAO 140,,fsrq,0.121342223,187,1.67,0.17,0.16,4.42E-11,3.05E-12,3.16E-12,54.122,32.291,1.258,750,2.800158024,0.053453662,1.29E-11,1.13E-12,1.13E-12,46.10672379,54.10150146,32.41109848,0,0,1.98,0.02,0.14,0.0134,1.91E-05,2.51E-06,1.6,10,1.66,0.0999,2.78,0.0556,7400000,3900000,4.35E-11,1.45E-11,2.6,9,1.48E-10,LP
141,M,PKS 2008-159,Beamed AGN,PKS 2008-159,,fsrq,0.083366647,1067,2.41,0.55,0.72,1.26E-11,3.27E-12,2.92E-12,302.833,-15.75,1.18,5024,2.816477299,0.115955532,4.79E-12,8.34E-13,8.34E-13,17.53063393,302.9158936,-15.77420044,0,0,2.1,0.08,0.0669,0.0461,3.66E-06,1.75E-06,0.9,8,2.16,0.0251,4.89,21.9,1300000000,3000000000,3.34E-12,3.88E-13,0.7,7,1.77E-10,LP
142,M,PKS 2052-47,Beamed AGN,PKS 2052-47,,fsrq,0.182886707,1092,2.19,0.36,0.41,1.83E-11,2.82E-12,2.23E-12,313.824,-47.165,1.489,5203,2.45347476,0.012663396,5.98E-11,1.05E-12,1.05E-12,1325.439697,314.0715027,-47.23690033,0,1,1.75,0.02,0.127,0.00407,1.81E-05,1.12E-06,3.4,12,1.88,0.0127,2.66,0.0184,320000000,18900000,1.17E-11,7.40E-13,3,11,2.49E-11,LP
143,M,PKS 2145+06,Beamed AGN,PKS 2145+06,,fsrq,0.142307948,1125,1.9,0.37,0.43,1.74E-11,3.50E-12,2.63E-12,327.032,6.936,0.99,5373,2.803585768,0.082953431,5.41E-12,7.22E-13,7.22E-13,39.34292984,327.1633911,6.879099846,0,0,2,0.04,0.131,0.0231,7.64E-06,1.83E-06,0.8,9,1.91,0.24,2.84,0.104,37500000,69900000,8.53E-12,7.10E-12,0.9,8,2.34E-11,LP
144,M,[HB89] 0834-201,Beamed AGN,PKS 0834-20,,fsrq,0.19657366,1328,1.43,0.62,0.62,1.42E-11,3.38E-12,3.05E-12,129.162,-20.253,2.752,1753,2.906150103,0.080398209,5.82E-12,5.94E-13,5.94E-13,25.22679329,129.1309052,-20.44739914,0,0,1.89,0.04,0.177,0.0242,8.27E-06,1.83E-06,1.1,9,1.43,0.358,2.81,0.0919,4180000,5160000,2.63E-11,3.01E-11,1.6,8,1.27E-10,LP
145,M,1RXS J174036.3+521155,Beamed AGN,4C +51.37,,fsrq,0.222479693,1509,1.9,0.58,0.73,8.70E-12,3.11E-12,2.29E-12,265.166,51.971,1.375,4115,2.469561815,0.025136601,2.13E-11,6.03E-13,6.03E-13,797.2457275,265.1357117,52.19269943,0,1,1.82,0.03,0.107,0.00792,6.21E-06,6.82E-07,0.7,12,1.87,0.0765,2.49,0.0251,140000000,138000000,4.88E-12,1.32E-12,0.9,11,1.39E-10,LP
146,M,2MASX J06230765-6436211,Beamed AGN,RX J062308.0-643619,,fsrq,0.11517922,326,1.98,0.45,0.53,1.16E-11,1.62E-12,2.10E-12,95.852,-64.611,0.1289,1290,3.036182165,0.19784984,2.46E-12,4.92E-13,4.92E-13,7.875201225,95.6140976,-64.55770111,1,1,2.1,0.06,0.0903,0.0337,3.09E-06,1.10E-06,1.7,9,1.99,0.284,2.71,0.179,25900000,71300000,4.58E-12,4.54E-12,1.9,8,2.75E-10,LP
147,M,87GB 162418.8+435342,Beamed AGN,MG4 J162551+4346,,fsrq,0.249,806,2.04,0.42,0.5,1.21E-11,1.90E-12,2.31E-12,246.49,43.814,1.048,3654,2.914824486,0.159468755,2.27E-12,4.02E-13,4.02E-13,13.68586159,246.7144012,43.62490082,1,1,2.1,0.07,0.111,0.042,3.69E-06,1.56E-06,1,9,2.06,0.268,2.97,0.222,77800000,183000000,3.89E-12,3.70E-12,0.8,8,1.44E-10,LP
148,M,PKS 2331-240,Beamed AGN,PKS 2331-240,,agn,0.262286677,1199,1.4,0.49,0.5,1.61E-11,3.39E-12,3.83E-12,353.471,-23.694,0.0477,5709,2.501376629,0.091257244,4.42E-12,4.73E-13,4.73E-13,20.34894371,353.7431946,-23.77589989,0,0,2.03,0.04,0.0885,0.0213,3.71E-06,8.80E-07,1.2,11,1.41,0.293,2.57,0.0874,1140000,1120000,3.15E-11,2.95E-11,1.1,10,1.93E-10,LP
149,D,PKS 2153-69,Sy2,PKS 2153-69,,rdg,0.124572497,1130,1.59,0.42,0.45,1.48E-11,3.16E-12,3.27E-12,329.383,-69.697,0.0283,5394,2.873548508,0.107056953,3.67E-12,5.91E-13,5.91E-13,5.219559193,329.0249939,-69.70670319,0,0,1.95,0.07,0.164,0.0435,7.56E-06,3.18E-06,0.2,7,1.59,0.256,3.03,0.288,12800000,16900000,1.77E-11,1.49E-11,0.2,6,2.47E-10,LP
150,D,3C 111.0,Sy1.2,3C 111,,rdg,0.099966433,213,2,0.06,0.06,1.19E-10,2.07E-12,3.38E-12,64.589,38.024,0.0485,876,2.74195385,0.056777671,1.45E-11,1.23E-12,1.23E-12,39.52830887,64.56330109,38.12189865,0,1,2.18,0.01,0.077,0.00692,2.28E-05,1.76E-06,1.1,11,2,0.036,2.73,0.0547,14100000,6110000,4.55E-11,5.72E-12,1.3,10,1.10E-10,LP
151,M,3C 309.1,Beamed AGN,3C 309.1,,css,0.097664805,751,1.8,0.69,0.79,7.65E-12,1.77E-12,1.94E-12,224.475,71.717,0.905,3259,2.499062061,0.063224308,4.33E-12,3.28E-13,3.28E-13,212.1309967,224.7530975,71.6733017,1,1,1.99,0.04,0.0858,0.0134,2.55E-06,4.29E-07,0.6,11,1.79,0.417,2.53,0.0522,8540000,27100000,5.30E-12,7.54E-12,1,10,4.55E-11,LP
152,M,PSR J1420-6048,Pulsar,PSR J1420-6048,HESS J1420-607 field,PSR,0.271733794,719,2.24,0.79,1.04,1.02E-11,3.13E-12,3.17E-12,215.311,-60.577,0,3106,2.418127775,0.044288162,1.42E-10,1.85E-11,1.85E-11,14.46893597,215.0090027,-60.80500031,0,0,1.45,0.09,0.202,0.0309,3.34E-05,1.13E-05,2.4,8,2.23,0.611,2.02,0.0444,42500,43400,2.04E-12,4.57E-12,6.4,7,1.69E-11,LP
153,M,PSR J1723-2837,Pulsar,PSR J1723-2837,,psr,0.3613862,880,0.88,0.88,0.47,1.94E-11,4.48E-12,2.40E-12,260.846,-28.637,0,3986,2.583898306,0.10931962,5.75E-12,1.35E-12,1.35E-12,12.09583282,260.7958069,-28.99570084,0,0,1.8,0.07,0.188,0.0433,1.18E-05,5.00E-06,1.2,9,0.902,0.282,2.84,0.16,1930000,1440000,1.31E-10,1.05E-10,1.1,8,1.55E-09,LP
154,U,CGCG 147-020,Sy2,,SWIFT J0725.8+3000,unk,0.2815,368,2.19,0.68,0.95,9.21E-12,2.57E-12,3.27E-12,111.352,30.018,0.0188,1471,1.606134176,0.224015847,9.39E-13,3.30E-13,3.30E-13,14.88667202,111.2050018,30.26919937,0,0,2.45,0.08,-0.0867,0.0335,2.78E-07,1.44E-07,0.7,9,2.33,0.0433,1.64,0.186,1800000000,719000000,1.20E-12,2.71E-13,0.6,8,3.70E-12,LP
155,U,2MASX J14080674-3023537,Sy1.9,,SWIFT J1408.1-3024,unk,0.1496,706,2.16,0.38,0.44,1.58E-11,2.51E-12,2.65E-12,212.073,-30.379,0.0235,3055,2.589590311,0.0954936,2.40E-12,3.88E-13,3.88E-13,15.6078825,211.9373932,-30.28580093,0,0,2.22,0.04,-0.00836,0.0289,1.79E-06,5.70E-07,1.1,8,2.22,,2.13,,173000000,,2.98E-12,,1.3,7,7.16E-12,LP
156,U,XTE J1817-330,LMXB,,SWIFT J1817.8-3301,unk,0.144,963,1.65,0.38,0.39,1.78E-11,3.18E-12,2.70E-12,274.334,-32.985,0,4430,2.503878832,0.132004529,2.25E-12,4.18E-13,4.18E-13,8.770460129,274.40979,-32.85570145,0,0,2.08,0.06,0.0977,0.0348,4.45E-06,1.65E-06,2.7,8,1.65,0.229,2.56,0.196,1310000,2320000,1.82E-11,1.35E-11,3.1,7,6.47E-11,LP